AGY,OCC,EMPLOYMENT
AF,6,5
AF,17,84
AF,18,690
AF,19,3
AF,20,99
AF,23,1
AF,25,2
AF,28,174
AF,29,22
AF,30,104
AF,50,17
AF,60,64
AF,62,5
AF,80,2497
AF,81,2443
AF,83,1975
AF,85,81
AF,86,328
AF,89,208
AF,90,2
AF,99,8
AF,101,1217
AF,102,30
AF,110,4
AF,130,217
AF,131,37
AF,132,2566
AF,134,2
AF,150,10
AF,170,198
AF,180,152
AF,181,16
AF,185,258
AF,186,64
AF,187,3
AF,188,240
AF,189,200
AF,190,1
AF,193,28
AF,199,52
AF,201,3437
AF,203,911
AF,260,140
AF,299,23
AF,301,9517
AF,303,3538
AF,304,11
AF,305,86
AF,306,121
AF,308,29
AF,318,1975
AF,319,55
AF,326,295
AF,332,14
AF,335,612
AF,340,252
AF,341,177
AF,342,100
AF,343,6815
AF,344,380
AF,346,5026
AF,361,4
AF,382,11
AF,390,11
AF,391,1131
AF,392,10
AF,394,1
AF,399,235
AF,401,251
AF,403,12
AF,404,19
AF,413,9
AF,414,5
AF,415,15
AF,430,1
AF,454,1
AF,458,1
AF,460,12
AF,462,13
AF,486,10
AF,501,2986
AF,503,483
AF,505,104
AF,510,396
AF,511,572
AF,525,121
AF,526,2
AF,530,4
AF,540,9
AF,544,39
AF,545,115
AF,560,2640
AF,561,144
AF,599,29
AF,601,176
AF,602,145
AF,603,35
AF,610,781
AF,620,165
AF,621,33
AF,622,8
AF,630,25
AF,631,1
AF,633,21
AF,636,11
AF,638,1
AF,640,558
AF,642,1
AF,644,158
AF,645,152
AF,646,9
AF,647,50
AF,649,44
AF,651,2
AF,660,62
AF,661,234
AF,662,18
AF,665,14
AF,667,4
AF,669,43
AF,670,7
AF,671,536
AF,673,1
AF,675,159
AF,679,442
AF,680,8
AF,681,225
AF,682,45
AF,683,55
AF,685,4
AF,688,1
AF,690,114
AF,698,70
AF,701,2
AF,801,4133
AF,802,1007
AF,803,94
AF,804,5
AF,806,272
AF,807,3
AF,808,121
AF,809,167
AF,810,297
AF,817,5
AF,819,473
AF,830,1175
AF,840,19
AF,850,263
AF,854,373
AF,855,5041
AF,856,987
AF,858,25
AF,861,1454
AF,881,1
AF,893,63
AF,895,802
AF,896,128
AF,899,173
AF,901,91
AF,905,614
AF,950,212
AF,962,69
AF,963,3
AF,986,96
AF,998,5
AF,999,6
AF,1001,67
AF,1008,11
AF,1010,34
AF,1015,34
AF,1016,18
AF,1020,49
AF,1035,604
AF,1040,30
AF,1051,3
AF,1054,2
AF,1056,3
AF,1060,66
AF,1071,96
AF,1082,48
AF,1083,104
AF,1084,141
AF,1087,34
AF,1099,5
AF,1101,4584
AF,1102,6058
AF,1103,13
AF,1104,1
AF,1105,60
AF,1106,127
AF,1130,1
AF,1150,6
AF,1152,2375
AF,1160,1
AF,1170,194
AF,1173,351
AF,1176,25
AF,1199,62
AF,1222,14
AF,1301,470
AF,1306,13
AF,1310,235
AF,1311,71
AF,1313,32
AF,1315,3
AF,1320,205
AF,1321,1
AF,1330,4
AF,1340,148
AF,1341,245
AF,1350,2
AF,1361,4
AF,1370,34
AF,1371,19
AF,1372,2
AF,1373,1
AF,1399,7
AF,1410,92
AF,1411,72
AF,1412,17
AF,1420,23
AF,1421,10
AF,1501,22
AF,1515,986
AF,1520,69
AF,1521,1
AF,1529,9
AF,1530,11
AF,1531,2
AF,1550,1670
AF,1599,52
AF,1601,635
AF,1603,181
AF,1640,311
AF,1654,11
AF,1658,4
AF,1667,56
AF,1670,1787
AF,1699,5
AF,1701,1602
AF,1702,2021
AF,1710,1
AF,1712,1355
AF,1720,27
AF,1725,1
AF,1740,261
AF,1750,624
AF,1799,5
AF,1801,575
AF,1802,1
AF,1810,3
AF,1811,464
AF,1815,4
AF,1825,3
AF,1910,1392
AF,2001,668
AF,2003,331
AF,2005,1212
AF,2010,947
AF,2030,32
AF,2032,32
AF,2099,7
AF,2101,985
AF,2102,491
AF,2130,285
AF,2131,79
AF,2135,2
AF,2144,21
AF,2150,589
AF,2151,236
AF,2152,990
AF,2154,55
AF,2181,1520
AF,2183,161
AF,2185,716
AF,2210,8453
AF,2299,31
AF,2502,78
AF,2504,114
AF,2601,35
AF,2602,281
AF,2604,1114
AF,2606,307
AF,2608,52
AF,2610,2418
AF,2801,37
AF,2805,411
AF,2810,209
AF,2854,214
AF,2892,1242
AF,3105,67
AF,3111,5
AF,3359,49
AF,3378,34
AF,3401,75
AF,3414,916
AF,3416,128
AF,3501,27
AF,3502,43
AF,3566,4
AF,3601,2
AF,3602,12
AF,3603,21
AF,3606,10
AF,3610,10
AF,3701,9
AF,3703,170
AF,3705,574
AF,3707,66
AF,3711,99
AF,3712,19
AF,3725,4
AF,3727,1
AF,3769,66
AF,3801,80
AF,3806,4555
AF,3809,40
AF,3858,1
AF,3872,2
AF,3901,3
AF,4102,987
AF,4104,21
AF,4201,21
AF,4204,107
AF,4206,235
AF,4255,114
AF,4301,5
AF,4352,518
AF,4361,16
AF,4401,1
AF,4417,3
AF,4601,6
AF,4602,9
AF,4604,77
AF,4605,28
AF,4607,79
AF,4616,9
AF,4701,103
AF,4714,45
AF,4715,3
AF,4742,117
AF,4745,14
AF,4749,955
AF,4801,6
AF,4804,41
AF,4805,18
AF,4816,3
AF,4818,688
AF,4819,2
AF,4840,13
AF,4850,16
AF,4855,4
AF,5003,64
AF,5026,80
AF,5048,60
AF,5201,166
AF,5210,34
AF,5301,171
AF,5306,280
AF,5309,59
AF,5317,3
AF,5334,1
AF,5350,167
AF,5352,63
AF,5378,1560
AF,5401,15
AF,5402,131
AF,5406,48
AF,5407,11
AF,5408,54
AF,5409,49
AF,5413,473
AF,5415,7
AF,5423,9
AF,5701,80
AF,5703,646
AF,5704,6
AF,5705,105
AF,5716,470
AF,5725,69
AF,5736,1
AF,5737,5
AF,5767,99
AF,5801,68
AF,5803,888
AF,5806,5
AF,5823,280
AF,5876,4
AF,6501,71
AF,6502,4
AF,6511,34
AF,6601,2
AF,6610,2
AF,6641,547
AF,6652,1058
AF,6656,57
AF,6901,45
AF,6904,469
AF,6907,798
AF,6910,312
AF,6912,137
AF,6913,33
AF,6968,66
AF,7001,32
AF,7002,72
AF,7006,16
AF,7009,226
AF,7304,33
AF,7305,4
AF,7402,8
AF,7404,121
AF,7408,131
AF,7420,10
AF,8201,12
AF,8255,613
AF,8268,1182
AF,8601,19
AF,8602,2211
AF,8610,6
AF,8801,1386
AF,8810,41
AF,8840,133
AF,8852,6806
AF,8862,45
AG,18,205
AG,19,5
AG,20,6
AG,23,10
AG,25,57
AG,28,48
AG,29,2
AG,80,116
AG,85,2
AG,86,23
AG,89,52
AG,90,20
AG,99,11
AG,101,286
AG,102,249
AG,110,414
AG,119,1
AG,131,9
AG,132,3
AG,135,166
AG,142,7
AG,150,52
AG,160,1
AG,170,5
AG,180,10
AG,184,1
AG,185,1
AG,186,342
AG,188,23
AG,189,33
AG,193,400
AG,199,20
AG,201,1127
AG,203,357
AG,260,170
AG,299,21
AG,301,4317
AG,302,1
AG,303,2057
AG,304,82
AG,305,73
AG,306,69
AG,308,19
AG,309,1
AG,318,400
AG,326,289
AG,332,18
AG,335,97
AG,340,997
AG,341,293
AG,342,390
AG,343,1843
AG,344,282
AG,346,3
AG,350,20
AG,356,1
AG,360,92
AG,361,16
AG,391,68
AG,399,122
AG,401,4525
AG,403,397
AG,404,4821
AG,405,1
AG,408,354
AG,410,4
AG,413,39
AG,414,402
AG,415,3
AG,421,918
AG,430,206
AG,434,239
AG,435,118
AG,437,70
AG,440,294
AG,454,574
AG,455,207
AG,457,3967
AG,458,1057
AG,460,1365
AG,462,14318
AG,470,776
AG,471,165
AG,480,1
AG,482,293
AG,486,1072
AG,487,53
AG,499,398
AG,501,619
AG,503,243
AG,505,17
AG,510,787
AG,511,257
AG,525,172
AG,540,4
AG,544,4
AG,560,663
AG,561,47
AG,599,26
AG,601,21
AG,602,2
AG,610,45
AG,620,7
AG,630,119
AG,675,1
AG,690,8
AG,696,241
AG,701,1677
AG,704,376
AG,799,17
AG,801,136
AG,802,828
AG,806,16
AG,807,80
AG,808,50
AG,809,24
AG,810,970
AG,817,51
AG,819,58
AG,828,11
AG,830,33
AG,850,19
AG,854,2
AG,855,25
AG,856,163
AG,858,1
AG,861,1
AG,880,4
AG,881,1
AG,890,295
AG,893,29
AG,896,1
AG,899,86
AG,901,32
AG,905,214
AG,930,45
AG,935,2
AG,950,22
AG,962,12
AG,963,32
AG,965,6
AG,986,9
AG,998,10
AG,999,2
AG,1001,407
AG,1010,5
AG,1016,9
AG,1020,3
AG,1035,491
AG,1060,3
AG,1071,16
AG,1082,99
AG,1083,31
AG,1084,58
AG,1087,5
AG,1099,11
AG,1101,2652
AG,1102,553
AG,1104,8
AG,1105,217
AG,1106,47
AG,1107,3
AG,1109,300
AG,1140,86
AG,1145,305
AG,1146,413
AG,1147,136
AG,1150,7
AG,1160,14
AG,1165,3186
AG,1170,348
AG,1171,86
AG,1176,11
AG,1199,116
AG,1221,7
AG,1222,3
AG,1301,195
AG,1306,4
AG,1310,1
AG,1311,281
AG,1315,320
AG,1316,191
AG,1320,344
AG,1340,27
AG,1341,5
AG,1350,130
AG,1370,74
AG,1371,142
AG,1373,77
AG,1380,21
AG,1382,70
AG,1384,4
AG,1399,25
AG,1410,27
AG,1411,24
AG,1412,41
AG,1420,2
AG,1421,1
AG,1501,23
AG,1510,2
AG,1515,11
AG,1520,2
AG,1529,145
AG,1530,576
AG,1531,48
AG,1550,8
AG,1599,4
AG,1603,3
AG,1640,60
AG,1654,11
AG,1670,20
AG,1701,21
AG,1702,51
AG,1710,99
AG,1712,154
AG,1715,25
AG,1720,3
AG,1740,38
AG,1750,10
AG,1799,2
AG,1801,767
AG,1802,29
AG,1805,7
AG,1810,149
AG,1811,228
AG,1825,26
AG,1850,43
AG,1860,7
AG,1862,4012
AG,1863,2563
AG,1910,23
AG,1980,1631
AG,1981,1130
AG,2001,17
AG,2003,25
AG,2005,56
AG,2010,6
AG,2030,2
AG,2099,1
AG,2101,130
AG,2102,36
AG,2130,7
AG,2150,125
AG,2151,29
AG,2181,92
AG,2210,3064
AG,2299,15
AG,2604,1
AG,2606,1
AG,2805,17
AG,3359,86
AG,3414,6
AG,3416,1
AG,3502,346
AG,3511,7
AG,3515,10
AG,3566,44
AG,3703,16
AG,3806,3
AG,4102,1
AG,4204,2
AG,4206,2
AG,4401,2
AG,4402,1
AG,4414,1
AG,4605,1
AG,4607,3
AG,4701,1
AG,4714,3
AG,4737,1
AG,4742,43
AG,4745,3
AG,4749,283
AG,5001,111
AG,5002,1
AG,5003,12
AG,5026,4
AG,5031,69
AG,5048,132
AG,5301,2
AG,5306,17
AG,5309,2
AG,5352,2
AG,5401,9
AG,5402,5
AG,5406,3
AG,5408,11
AG,5409,14
AG,5703,66
AG,5705,46
AG,5716,448
AG,5729,1
AG,5786,1
AG,5803,4
AG,5806,1
AG,5823,60
AG,6901,1
AG,6907,111
AG,7002,4
AG,7304,1
AG,7404,103
AG,7408,3
AG,8610,7
AM,18,1
AM,20,1
AM,28,21
AM,80,38
AM,89,1
AM,101,38
AM,110,38
AM,130,5
AM,132,4
AM,136,33
AM,150,1
AM,180,1
AM,185,2
AM,201,65
AM,203,3
AM,260,7
AM,301,625
AM,303,12
AM,304,1
AM,305,1
AM,306,8
AM,308,1
AM,318,11
AM,326,1
AM,340,239
AM,341,146
AM,342,4
AM,343,594
AM,401,166
AM,414,1
AM,501,58
AM,505,108
AM,510,47
AM,511,94
AM,525,1
AM,560,47
AM,601,44
AM,602,12
AM,630,2
AM,660,2
AM,685,242
AM,801,23
AM,810,2
AM,850,1
AM,854,2
AM,905,108
AM,950,2
AM,1001,1
AM,1008,1
AM,1035,12
AM,1082,4
AM,1083,1
AM,1084,1
AM,1101,115
AM,1102,274
AM,1109,2
AM,1301,11
AM,1412,1
AM,1530,1
AM,1550,4
AM,1654,1
AM,1701,6
AM,1710,83
AM,1720,6
AM,1801,4
AM,1805,2
AM,1810,3
AM,1811,35
AM,2101,2
AM,2130,7
AM,2210,75
AR,6,25
AR,17,59
AR,18,1334
AR,19,65
AR,20,117
AR,23,6
AR,25,412
AR,28,620
AR,29,49
AR,30,32
AR,50,6
AR,60,71
AR,62,14
AR,72,8
AR,80,2348
AR,81,2850
AR,83,1766
AR,85,3085
AR,86,482
AR,89,352
AR,99,92
AR,101,1326
AR,102,4
AR,110,178
AR,130,40
AR,131,59
AR,132,3123
AR,134,25
AR,136,2
AR,150,215
AR,170,170
AR,180,901
AR,181,246
AR,184,5
AR,185,1123
AR,186,298
AR,187,24
AR,188,31
AR,189,57
AR,190,12
AR,193,185
AR,199,22
AR,201,6054
AR,203,3682
AR,260,439
AR,299,14
AR,301,18624
AR,302,2
AR,303,7433
AR,304,74
AR,305,304
AR,306,74
AR,308,99
AR,309,22
AR,313,2
AR,318,1506
AR,319,16
AR,322,2
AR,326,307
AR,332,9
AR,335,228
AR,340,2498
AR,341,1058
AR,342,172
AR,343,6682
AR,344,431
AR,346,7876
AR,350,2
AR,356,1
AR,360,29
AR,361,11
AR,382,2
AR,390,8
AR,391,929
AR,392,19
AR,394,2
AR,399,235
AR,401,3406
AR,403,171
AR,404,152
AR,405,9
AR,408,88
AR,413,71
AR,414,18
AR,415,19
AR,430,16
AR,435,1
AR,437,2
AR,440,1
AR,454,2
AR,455,1
AR,457,5
AR,460,78
AR,462,58
AR,470,6
AR,471,11
AR,480,10
AR,482,88
AR,486,118
AR,499,68
AR,501,1855
AR,503,607
AR,505,209
AR,510,1145
AR,511,1098
AR,525,350
AR,530,44
AR,540,15
AR,544,75
AR,545,95
AR,560,3612
AR,561,173
AR,599,38
AR,601,413
AR,602,1373
AR,603,421
AR,610,6288
AR,620,3025
AR,621,674
AR,622,127
AR,630,99
AR,631,120
AR,633,256
AR,635,4
AR,636,381
AR,638,5
AR,640,1885
AR,642,53
AR,644,497
AR,645,884
AR,646,79
AR,647,543
AR,648,14
AR,649,413
AR,651,156
AR,660,758
AR,661,805
AR,662,80
AR,665,110
AR,667,19
AR,668,18
AR,669,91
AR,670,83
AR,671,1665
AR,673,88
AR,675,1009
AR,679,2975
AR,680,139
AR,681,1017
AR,682,147
AR,683,96
AR,685,1
AR,688,11
AR,690,262
AR,698,41
AR,701,38
AR,704,38
AR,801,5350
AR,802,3128
AR,803,143
AR,804,30
AR,806,214
AR,807,62
AR,808,441
AR,809,1033
AR,810,5974
AR,817,128
AR,819,616
AR,830,3160
AR,840,2
AR,850,1186
AR,854,1256
AR,855,2376
AR,856,823
AR,858,52
AR,861,663
AR,871,6
AR,873,21
AR,880,1
AR,890,3
AR,893,332
AR,895,91
AR,896,242
AR,899,299
AR,901,58
AR,904,12
AR,905,1536
AR,950,513
AR,962,229
AR,963,13
AR,967,6
AR,986,142
AR,998,80
AR,999,1
AR,1001,239
AR,1008,64
AR,1010,16
AR,1015,110
AR,1016,64
AR,1020,23
AR,1035,1093
AR,1040,48
AR,1051,4
AR,1054,2
AR,1056,2
AR,1060,76
AR,1071,116
AR,1082,159
AR,1083,345
AR,1084,281
AR,1087,21
AR,1099,10
AR,1101,1562
AR,1102,6122
AR,1103,53
AR,1104,4
AR,1105,331
AR,1106,129
AR,1109,38
AR,1130,18
AR,1150,122
AR,1152,1594
AR,1160,1
AR,1170,820
AR,1171,54
AR,1173,352
AR,1176,56
AR,1199,30
AR,1222,28
AR,1301,1109
AR,1306,89
AR,1310,290
AR,1311,166
AR,1313,39
AR,1315,47
AR,1316,71
AR,1320,639
AR,1321,6
AR,1340,44
AR,1341,8
AR,1350,321
AR,1360,14
AR,1361,5
AR,1370,84
AR,1371,40
AR,1372,7
AR,1373,49
AR,1374,16
AR,1382,30
AR,1384,26
AR,1386,1
AR,1397,5
AR,1399,18
AR,1410,156
AR,1411,116
AR,1412,58
AR,1420,29
AR,1421,9
AR,1499,1
AR,1501,2
AR,1515,1445
AR,1520,102
AR,1521,1
AR,1529,28
AR,1530,43
AR,1531,37
AR,1550,1187
AR,1599,32
AR,1601,800
AR,1603,97
AR,1630,12
AR,1640,534
AR,1654,39
AR,1658,6
AR,1667,91
AR,1670,1923
AR,1699,3
AR,1701,2618
AR,1702,1120
AR,1710,4
AR,1712,3485
AR,1720,6
AR,1725,1
AR,1730,3
AR,1740,431
AR,1750,505
AR,1799,1
AR,1801,547
AR,1802,85
AR,1805,138
AR,1810,33
AR,1811,290
AR,1815,5
AR,1825,8
AR,1895,7
AR,1910,1672
AR,1999,2
AR,2001,1098
AR,2003,1115
AR,2005,3292
AR,2010,693
AR,2030,61
AR,2032,53
AR,2091,19
AR,2099,5
AR,2101,337
AR,2102,693
AR,2130,728
AR,2131,61
AR,2150,119
AR,2151,360
AR,2152,574
AR,2154,116
AR,2161,45
AR,2181,1164
AR,2183,5
AR,2185,134
AR,2210,11609
AR,2299,24
AR,2501,1
AR,2502,75
AR,2504,24
AR,2601,199
AR,2602,214
AR,2604,2306
AR,2606,178
AR,2608,28
AR,2610,460
AR,2801,31
AR,2805,365
AR,2810,347
AR,2854,165
AR,2892,150
AR,3101,41
AR,3105,109
AR,3106,6
AR,3111,42
AR,3301,1
AR,3306,46
AR,3359,36
AR,3378,216
AR,3401,168
AR,3414,945
AR,3416,108
AR,3428,1
AR,3501,195
AR,3502,414
AR,3511,3
AR,3546,12
AR,3566,7
AR,3601,35
AR,3602,3
AR,3603,11
AR,3605,1
AR,3606,5
AR,3610,5
AR,3701,69
AR,3703,626
AR,3705,60
AR,3707,13
AR,3711,121
AR,3712,10
AR,3725,7
AR,3769,10
AR,3801,109
AR,3802,2
AR,3806,571
AR,3809,78
AR,3869,13
AR,3901,7
AR,4010,26
AR,4101,5
AR,4102,576
AR,4104,20
AR,4201,9
AR,4204,121
AR,4206,112
AR,4255,3
AR,4301,40
AR,4352,49
AR,4361,8
AR,4373,5
AR,4401,1
AR,4402,5
AR,4417,2
AR,4601,1
AR,4602,85
AR,4604,79
AR,4605,5
AR,4607,170
AR,4616,5
AR,4701,255
AR,4714,13
AR,4715,16
AR,4737,113
AR,4741,1
AR,4742,207
AR,4749,1653
AR,4754,26
AR,4801,243
AR,4804,63
AR,4805,2
AR,4816,67
AR,4818,71
AR,4819,1
AR,4840,5
AR,4850,25
AR,5001,2
AR,5003,19
AR,5026,45
AR,5042,1
AR,5048,12
AR,5201,14
AR,5205,19
AR,5210,79
AR,5301,163
AR,5306,210
AR,5309,30
AR,5310,2
AR,5318,422
AR,5323,19
AR,5334,140
AR,5350,160
AR,5352,373
AR,5378,246
AR,5401,139
AR,5402,67
AR,5406,37
AR,5407,320
AR,5408,47
AR,5409,82
AR,5413,172
AR,5415,3
AR,5423,137
AR,5426,1119
AR,5439,1
AR,5701,111
AR,5703,1187
AR,5704,169
AR,5705,86
AR,5716,600
AR,5725,193
AR,5729,43
AR,5736,29
AR,5737,36
AR,5738,40
AR,5782,90
AR,5784,115
AR,5786,95
AR,5788,174
AR,5801,7079
AR,5803,3708
AR,5806,118
AR,5823,295
AR,5876,7
AR,6501,596
AR,6502,843
AR,6505,48
AR,6511,90
AR,6601,64
AR,6605,214
AR,6610,495
AR,6641,68
AR,6652,3
AR,6901,43
AR,6904,418
AR,6907,1539
AR,6910,268
AR,6912,393
AR,6913,22
AR,6914,1
AR,7001,9
AR,7002,56
AR,7006,7
AR,7009,27
AR,7301,3
AR,7304,15
AR,7305,5
AR,7401,6
AR,7402,14
AR,7404,334
AR,7407,1
AR,7408,334
AR,7601,6
AR,7603,14
AR,8201,8
AR,8255,90
AR,8268,99
AR,8602,244
AR,8610,7
AR,8801,77
AR,8810,73
AR,8840,302
AR,8852,2263
AR,8862,32
CM,18,35
CM,19,7
CM,20,2
CM,28,21
CM,80,99
CM,81,14
CM,83,18
CM,86,15
CM,89,57
CM,101,42
CM,110,505
CM,130,22
CM,131,12
CM,132,10
CM,150,235
CM,170,9
CM,180,8
CM,190,1
CM,193,1
CM,199,21
CM,201,420
CM,203,78
CM,260,55
CM,299,1
CM,301,1891
CM,303,9118
CM,305,17
CM,306,10
CM,308,4
CM,309,1
CM,313,4
CM,318,171
CM,322,1
CM,326,85
CM,332,11
CM,335,21
CM,340,208
CM,341,151
CM,342,57
CM,343,1623
CM,344,22
CM,346,19
CM,350,67
CM,361,3
CM,391,64
CM,394,1
CM,399,28
CM,401,509
CM,403,17
CM,404,70
CM,408,77
CM,410,14
CM,413,4
CM,415,2
CM,440,24
CM,480,81
CM,482,860
CM,486,22
CM,499,8
CM,501,174
CM,503,5
CM,505,13
CM,510,327
CM,511,73
CM,525,72
CM,544,9
CM,560,289
CM,561,4
CM,599,6
CM,601,2
CM,610,7
CM,679,1
CM,690,6
CM,696,89
CM,701,5
CM,801,188
CM,802,156
CM,803,3
CM,804,11
CM,806,75
CM,808,17
CM,809,4
CM,810,49
CM,817,2
CM,819,19
CM,830,152
CM,840,5
CM,850,47
CM,854,35
CM,855,325
CM,856,455
CM,858,9
CM,861,10
CM,871,3
CM,893,55
CM,896,13
CM,899,29
CM,901,18
CM,904,2
CM,905,1197
CM,930,1
CM,950,144
CM,962,5
CM,963,262
CM,986,18
CM,1001,96
CM,1008,4
CM,1016,2
CM,1020,3
CM,1035,107
CM,1040,7
CM,1060,1
CM,1071,17
CM,1082,41
CM,1083,26
CM,1084,32
CM,1087,2
CM,1101,647
CM,1102,310
CM,1104,4
CM,1105,11
CM,1106,3
CM,1109,50
CM,1140,554
CM,1150,24
CM,1152,2
CM,1160,2
CM,1165,9
CM,1170,20
CM,1176,9
CM,1199,1
CM,1202,4
CM,1220,360
CM,1222,341
CM,1223,46
CM,1224,8614
CM,1226,194
CM,1301,858
CM,1306,20
CM,1310,429
CM,1311,135
CM,1313,8
CM,1315,262
CM,1316,1
CM,1320,289
CM,1321,7
CM,1330,3
CM,1340,2479
CM,1341,199
CM,1350,2
CM,1360,206
CM,1370,147
CM,1371,143
CM,1372,58
CM,1374,6
CM,1382,3
CM,1399,43
CM,1410,41
CM,1411,12
CM,1412,60
CM,1421,1
CM,1501,3
CM,1515,40
CM,1520,49
CM,1529,416
CM,1530,1504
CM,1531,556
CM,1550,300
CM,1599,44
CM,1601,10
CM,1603,1
CM,1640,34
CM,1654,9
CM,1670,25
CM,1701,28
CM,1702,1
CM,1712,41
CM,1720,4
CM,1740,1
CM,1750,9
CM,1801,287
CM,1802,26
CM,1810,7
CM,1811,206
CM,1862,20
CM,1910,1
CM,2001,6
CM,2003,8
CM,2005,22
CM,2010,12
CM,2030,1
CM,2101,10
CM,2102,6
CM,2130,2
CM,2131,3
CM,2150,1
CM,2151,1
CM,2210,3315
CM,2299,19
CM,2601,1
CM,2604,9
CM,2805,25
CM,2810,1
CM,3502,14
CM,3566,14
CM,3806,2
CM,4102,2
CM,4204,4
CM,4206,1
CM,4607,1
CM,4701,3
CM,4742,34
CM,4745,3
CM,4749,59
CM,4804,1
CM,5003,12
CM,5201,4
CM,5210,1
CM,5306,16
CM,5313,4
CM,5378,1
CM,5703,22
CM,5803,2
CM,5823,2
CM,5876,1
CM,6907,56
CM,6910,1
CM,7002,1
CM,9901,80
CM,9916,7
CM,9920,11
CM,9923,6
CM,9924,50
CM,9927,47
CM,9931,23
CM,9932,25
CM,9933,20
CM,9934,30
CM,9944,3
CM,9954,19
CM,9957,6
CM,9960,4
CM,9965,1
CM,9968,20
CM,9971,7
CM,9973,21
CU,80,8
CU,86,1
CU,89,2
CU,110,5
CU,132,1
CU,201,29
CU,203,6
CU,260,3
CU,301,47
CU,303,33
CU,308,2
CU,318,1
CU,335,1
CU,340,2
CU,342,1
CU,343,18
CU,344,11
CU,501,24
CU,503,5
CU,505,2
CU,510,23
CU,511,9
CU,525,3
CU,560,3
CU,580,761
CU,905,35
CU,950,2
CU,1001,1
CU,1035,1
CU,1083,2
CU,1084,1
CU,1101,1
CU,1102,8
CU,1160,12
CU,1411,1
CU,1640,1
CU,1811,1
CU,2005,2
CU,2210,41
DD,17,2
DD,18,246
DD,19,7
DD,20,1
DD,28,206
DD,29,10
DD,50,1
DD,62,4
DD,80,1804
DD,81,148
DD,83,1004
DD,85,29
DD,86,71
DD,89,81
DD,95,1
DD,101,166
DD,102,3
DD,110,22
DD,130,251
DD,131,15
DD,132,342
DD,142,2
DD,150,2
DD,160,1
DD,170,32
DD,180,131
DD,181,9
DD,184,1
DD,185,114
DD,188,1
DD,190,34
DD,193,11
DD,201,1678
DD,203,115
DD,260,187
DD,299,2
DD,301,6948
DD,302,1
DD,303,1601
DD,304,1
DD,305,98
DD,306,72
DD,308,32
DD,318,578
DD,322,1
DD,326,387
DD,332,15
DD,335,70
DD,340,587
DD,341,213
DD,342,58
DD,343,5045
DD,344,239
DD,346,642
DD,350,11
DD,360,2
DD,361,9
DD,390,24
DD,391,519
DD,392,1
DD,399,38
DD,401,129
DD,403,36
DD,404,16
DD,405,12
DD,413,5
DD,414,2
DD,415,3
DD,437,1
DD,501,3111
DD,503,303
DD,505,83
DD,510,2752
DD,511,4881
DD,525,2795
DD,530,458
DD,540,3
DD,544,345
DD,545,1386
DD,560,768
DD,561,9
DD,599,85
DD,601,155
DD,602,321
DD,603,35
DD,610,996
DD,620,152
DD,621,82
DD,622,19
DD,630,24
DD,631,43
DD,633,47
DD,636,16
DD,638,7
DD,639,2
DD,640,130
DD,642,5
DD,644,145
DD,645,14
DD,646,25
DD,647,59
DD,648,1
DD,649,39
DD,651,20
DD,660,123
DD,661,79
DD,662,8
DD,665,44
DD,667,7
DD,668,3
DD,669,24
DD,670,26
DD,671,276
DD,673,2
DD,675,63
DD,679,177
DD,680,17
DD,681,52
DD,682,12
DD,683,4
DD,690,24
DD,696,4
DD,698,2
DD,701,4
DD,801,2254
DD,802,75
DD,803,24
DD,804,7
DD,806,12
DD,808,9
DD,809,9
DD,810,29
DD,819,12
DD,830,99
DD,840,3
DD,850,38
DD,854,231
DD,855,701
DD,856,81
DD,858,22
DD,861,120
DD,893,19
DD,896,138
DD,899,6
DD,901,10
DD,904,4
DD,905,779
DD,950,154
DD,962,413
DD,963,1
DD,967,1
DD,986,15
DD,998,12
DD,1001,109
DD,1008,2
DD,1010,1
DD,1015,3
DD,1016,6
DD,1020,6
DD,1035,208
DD,1040,20
DD,1060,15
DD,1071,141
DD,1082,69
DD,1083,9
DD,1084,101
DD,1087,4
DD,1101,3754
DD,1102,7709
DD,1103,248
DD,1104,464
DD,1105,462
DD,1106,325
DD,1107,35
DD,1109,4
DD,1130,9
DD,1144,1211
DD,1150,772
DD,1152,22
DD,1160,13
DD,1163,3
DD,1170,17
DD,1173,1
DD,1176,54
DD,1199,78
DD,1301,135
DD,1306,13
DD,1310,24
DD,1311,9
DD,1313,2
DD,1320,81
DD,1321,1
DD,1340,1
DD,1370,2
DD,1382,8
DD,1384,9
DD,1410,51
DD,1411,43
DD,1412,34
DD,1420,4
DD,1501,1
DD,1510,18
DD,1515,512
DD,1520,1
DD,1529,9
DD,1530,25
DD,1550,301
DD,1599,2
DD,1601,25
DD,1603,10
DD,1640,177
DD,1654,6
DD,1667,18
DD,1670,120
DD,1699,1
DD,1701,7125
DD,1702,1502
DD,1710,2883
DD,1712,541
DD,1720,15
DD,1725,2
DD,1730,11
DD,1740,15
DD,1750,338
DD,1799,1
DD,1801,154
DD,1802,2
DD,1805,42
DD,1810,151
DD,1811,454
DD,1825,1
DD,1860,2
DD,1910,4306
DD,1999,10
DD,2001,990
DD,2003,742
DD,2005,995
DD,2010,1410
DD,2030,329
DD,2032,46
DD,2091,2808
DD,2099,35
DD,2101,17
DD,2102,347
DD,2130,168
DD,2131,7
DD,2135,5
DD,2150,30
DD,2151,46
DD,2161,2
DD,2181,11
DD,2210,7411
DD,2299,8
DD,2502,1
DD,2601,16
DD,2604,8
DD,2606,47
DD,2801,1
DD,2805,52
DD,2810,13
DD,2854,2
DD,3101,1
DD,3105,9
DD,3111,3
DD,3414,11
DD,3501,17
DD,3502,90
DD,3511,1
DD,3566,196
DD,3601,2
DD,3603,2
DD,3606,2
DD,3703,4
DD,3725,1
DD,3801,1
DD,3806,1
DD,4102,13
DD,4104,1
DD,4201,5
DD,4204,11
DD,4206,4
DD,4255,1
DD,4402,2
DD,4417,3
DD,4601,6
DD,4602,28
DD,4604,182
DD,4605,4
DD,4607,14
DD,4701,10
DD,4737,38
DD,4742,27
DD,4749,190
DD,4801,4
DD,4804,2
DD,4805,1
DD,5003,4
DD,5026,4
DD,5048,14
DD,5210,28
DD,5301,7
DD,5306,24
DD,5309,2
DD,5350,22
DD,5352,75
DD,5378,6
DD,5401,3
DD,5402,5
DD,5407,10
DD,5408,1
DD,5413,8
DD,5701,45
DD,5703,300
DD,5704,1
DD,5705,7
DD,5716,2
DD,5725,11
DD,5801,1
DD,5803,42
DD,5806,2
DD,5823,8
DD,5876,2
DD,6901,2666
DD,6904,8
DD,6907,878
DD,6910,118
DD,6912,810
DD,6913,11
DD,6914,2521
DD,7002,156
DD,7006,38
DD,7402,2
DD,7404,45
DD,7407,1307
DD,7408,168
DJ,6,1505
DJ,7,16898
DJ,17,5
DJ,18,245
DJ,19,1
DJ,28,39
DJ,30,218
DJ,60,220
DJ,72,74
DJ,80,1022
DJ,82,274
DJ,83,234
DJ,86,67
DJ,89,4
DJ,101,2079
DJ,110,52
DJ,132,4253
DJ,134,12
DJ,150,1
DJ,160,15
DJ,170,8
DJ,180,522
DJ,181,63
DJ,185,36
DJ,188,527
DJ,199,44
DJ,201,1267
DJ,203,110
DJ,260,85
DJ,299,5
DJ,301,5991
DJ,303,4328
DJ,304,53
DJ,305,66
DJ,306,323
DJ,308,30
DJ,313,96
DJ,318,1418
DJ,322,1
DJ,326,19
DJ,332,4
DJ,335,9
DJ,340,278
DJ,341,382
DJ,342,27
DJ,343,4002
DJ,344,112
DJ,346,33
DJ,350,2
DJ,360,29
DJ,361,9
DJ,382,5
DJ,391,499
DJ,392,1
DJ,399,241
DJ,401,122
DJ,403,5
DJ,405,4
DJ,501,970
DJ,503,29
DJ,505,29
DJ,510,891
DJ,511,463
DJ,525,236
DJ,530,2
DJ,540,18
DJ,544,43
DJ,560,676
DJ,561,7
DJ,599,4
DJ,601,14
DJ,602,195
DJ,603,114
DJ,610,938
DJ,620,68
DJ,621,18
DJ,622,14
DJ,630,7
DJ,631,1
DJ,636,1
DJ,638,10
DJ,640,209
DJ,644,29
DJ,645,1
DJ,647,17
DJ,649,2
DJ,651,3
DJ,660,17
DJ,661,19
DJ,667,1
DJ,669,22
DJ,670,105
DJ,671,59
DJ,673,1
DJ,675,158
DJ,679,2
DJ,680,103
DJ,681,19
DJ,682,57
DJ,690,6
DJ,801,16
DJ,802,117
DJ,804,10
DJ,808,34
DJ,809,2
DJ,810,2
DJ,819,1
DJ,828,4
DJ,830,16
DJ,850,10
DJ,854,9
DJ,855,131
DJ,856,828
DJ,895,3
DJ,901,312
DJ,904,100
DJ,905,11268
DJ,935,3
DJ,950,2041
DJ,962,8
DJ,963,708
DJ,967,3
DJ,986,2242
DJ,999,40
DJ,1001,33
DJ,1008,2
DJ,1015,2
DJ,1016,1
DJ,1035,192
DJ,1040,597
DJ,1060,92
DJ,1071,24
DJ,1082,65
DJ,1083,7
DJ,1084,45
DJ,1101,284
DJ,1102,530
DJ,1103,1
DJ,1104,1
DJ,1105,38
DJ,1106,3
DJ,1109,142
DJ,1150,14
DJ,1152,13
DJ,1160,68
DJ,1170,20
DJ,1171,4
DJ,1176,13
DJ,1199,2
DJ,1222,11
DJ,1301,158
DJ,1311,4
DJ,1320,389
DJ,1321,2
DJ,1350,3
DJ,1370,1
DJ,1386,7
DJ,1397,39
DJ,1410,38
DJ,1411,9
DJ,1412,151
DJ,1421,8
DJ,1501,6
DJ,1515,8
DJ,1520,6
DJ,1529,3
DJ,1530,57
DJ,1531,12
DJ,1541,17
DJ,1550,157
DJ,1601,8
DJ,1603,193
DJ,1640,172
DJ,1654,6
DJ,1658,12
DJ,1667,174
DJ,1670,143
DJ,1701,169
DJ,1702,114
DJ,1710,611
DJ,1712,236
DJ,1715,1
DJ,1720,3
DJ,1750,28
DJ,1801,3616
DJ,1802,823
DJ,1805,305
DJ,1810,48
DJ,1811,24129
DJ,1899,1
DJ,1910,57
DJ,2001,25
DJ,2003,12
DJ,2005,64
DJ,2010,64
DJ,2030,3
DJ,2101,11
DJ,2102,11
DJ,2130,14
DJ,2151,3
DJ,2181,16
DJ,2210,3158
DJ,2299,7
DJ,2604,1
DJ,2805,226
DJ,2810,1
DJ,2854,13
DJ,3105,71
DJ,3106,4
DJ,3414,5
DJ,3416,2
DJ,3502,3
DJ,3511,4
DJ,3566,10
DJ,3603,2
DJ,3703,26
DJ,3801,2
DJ,3806,14
DJ,3869,2
DJ,4010,1
DJ,4102,20
DJ,4201,2
DJ,4204,46
DJ,4206,163
DJ,4401,3
DJ,4402,2
DJ,4414,1
DJ,4416,1
DJ,4417,2
DJ,4601,21
DJ,4605,3
DJ,4607,11
DJ,4742,377
DJ,4749,724
DJ,4804,5
DJ,5001,7
DJ,5002,3
DJ,5003,17
DJ,5301,8
DJ,5306,202
DJ,5350,1
DJ,5408,10
DJ,5409,3
DJ,5703,20
DJ,5823,115
DJ,6610,1
DJ,6907,1000
DJ,7002,1
DJ,7305,51
DJ,7404,1279
DL,18,779
DL,28,1
DL,80,23
DL,86,2
DL,89,16
DL,101,3
DL,102,2
DL,106,58
DL,110,1151
DL,119,353
DL,131,86
DL,140,70
DL,142,193
DL,180,4
DL,199,1
DL,201,289
DL,203,19
DL,260,16
DL,299,1
DL,301,1154
DL,303,251
DL,305,12
DL,306,23
DL,308,3
DL,318,109
DL,326,23
DL,335,12
DL,340,91
DL,341,88
DL,342,29
DL,343,684
DL,344,37
DL,350,1
DL,360,384
DL,361,22
DL,391,1
DL,399,2
DL,415,1
DL,501,126
DL,503,6
DL,505,3
DL,510,105
DL,511,132
DL,525,9
DL,560,101
DL,599,15
DL,601,28
DL,602,8
DL,610,18
DL,640,1
DL,660,1
DL,690,379
DL,801,37
DL,802,8
DL,803,85
DL,804,2
DL,808,1
DL,810,37
DL,830,22
DL,850,31
DL,855,5
DL,856,6
DL,880,35
DL,893,9
DL,896,1
DL,899,1
DL,901,2
DL,904,25
DL,905,588
DL,930,1
DL,935,36
DL,950,84
DL,958,48
DL,962,13
DL,963,1
DL,986,76
DL,991,1102
DL,998,6
DL,999,1
DL,1001,20
DL,1008,2
DL,1035,25
DL,1060,1
DL,1071,6
DL,1082,8
DL,1083,13
DL,1084,13
DL,1101,17
DL,1102,120
DL,1105,12
DL,1106,6
DL,1109,48
DL,1160,4
DL,1170,2
DL,1173,2
DL,1176,6
DL,1301,14
DL,1306,3
DL,1310,2
DL,1311,28
DL,1320,35
DL,1350,3
DL,1410,2
DL,1412,10
DL,1510,4
DL,1515,2
DL,1529,95
DL,1530,62
DL,1531,11
DL,1603,2
DL,1640,6
DL,1654,4
DL,1701,2
DL,1712,43
DL,1715,12
DL,1750,1
DL,1801,609
DL,1802,378
DL,1805,12
DL,1810,96
DL,1811,201
DL,1822,1181
DL,1849,1182
DL,1899,1
DL,2003,3
DL,2005,2
DL,2010,2
DL,2030,1
DL,2210,715
DL,2805,2
DL,4206,1
DL,4749,5
DL,5703,1
DN,18,86
DN,23,12
DN,28,112
DN,80,329
DN,84,305
DN,86,3
DN,89,97
DN,99,9
DN,110,163
DN,130,136
DN,131,24
DN,132,103
DN,150,7
DN,170,3
DN,180,1
DN,193,21
DN,199,2
DN,201,309
DN,203,30
DN,260,27
DN,301,1150
DN,303,215
DN,305,1
DN,306,20
DN,308,20
DN,318,69
DN,326,3
DN,335,3
DN,340,441
DN,341,36
DN,342,11
DN,343,915
DN,344,10
DN,346,11
DN,391,8
DN,399,9
DN,401,67
DN,403,3
DN,408,10
DN,415,1
DN,457,1
DN,480,27
DN,482,38
DN,486,9
DN,499,2
DN,501,127
DN,503,2
DN,505,16
DN,510,312
DN,511,199
DN,525,20
DN,544,1
DN,560,246
DN,561,1
DN,599,9
DN,601,4
DN,602,1
DN,610,1
DN,670,1
DN,671,1
DN,690,26
DN,801,1299
DN,802,37
DN,803,21
DN,804,18
DN,806,10
DN,808,12
DN,809,26
DN,810,215
DN,819,45
DN,830,81
DN,840,233
DN,850,564
DN,854,10
DN,855,113
DN,856,11
DN,861,1
DN,880,1
DN,881,14
DN,893,23
DN,899,17
DN,901,1
DN,904,6
DN,905,578
DN,935,13
DN,950,43
DN,963,3
DN,986,7
DN,999,1
DN,1001,11
DN,1008,4
DN,1035,81
DN,1082,7
DN,1083,4
DN,1084,11
DN,1099,1
DN,1101,641
DN,1102,597
DN,1103,23
DN,1104,2
DN,1105,8
DN,1106,3
DN,1109,62
DN,1130,388
DN,1150,5
DN,1152,2
DN,1160,44
DN,1163,1
DN,1165,28
DN,1170,59
DN,1171,4
DN,1176,9
DN,1199,3
DN,1222,21
DN,1301,530
DN,1306,41
DN,1310,37
DN,1311,2
DN,1315,9
DN,1320,43
DN,1321,2
DN,1340,5
DN,1350,10
DN,1370,2
DN,1371,1
DN,1373,12
DN,1399,3
DN,1410,4
DN,1411,2
DN,1412,7
DN,1501,1
DN,1510,3
DN,1515,132
DN,1520,4
DN,1529,27
DN,1530,34
DN,1550,11
DN,1599,9
DN,1601,69
DN,1603,1
DN,1640,23
DN,1654,1
DN,1670,12
DN,1702,3
DN,1712,41
DN,1801,24
DN,1805,4
DN,1810,9
DN,1811,84
DN,1822,1
DN,1825,1
DN,1910,35
DN,2001,10
DN,2003,18
DN,2005,6
DN,2010,13
DN,2101,39
DN,2102,3
DN,2130,7
DN,2181,14
DN,2210,612
DN,2299,2
DN,2602,4
DN,2604,42
DN,2606,45
DN,2610,125
DN,2801,8
DN,2810,631
DN,2854,2
DN,3414,4
DN,3502,1
DN,3703,8
DN,3806,2
DN,4102,1
DN,4206,1
DN,4607,8
DN,4741,15
DN,4749,8
DN,5210,3
DN,5306,1
DN,5407,188
DN,5701,3
DN,5703,1
DN,5716,10
DN,5803,26
DN,6907,24
DN,8852,6
ED,18,1
ED,80,25
ED,86,1
ED,99,2
ED,101,26
ED,110,4
ED,180,1
ED,201,58
ED,203,4
ED,260,7
ED,301,477
ED,303,79
ED,305,3
ED,306,19
ED,308,2
ED,318,5
ED,326,4
ED,340,29
ED,341,15
ED,342,2
ED,343,774
ED,360,99
ED,361,7
ED,399,3
ED,501,50
ED,510,110
ED,511,83
ED,560,43
ED,599,1
ED,905,460
ED,935,2
ED,950,5
ED,986,1
ED,1001,7
ED,1035,25
ED,1040,1
ED,1071,3
ED,1082,4
ED,1084,1
ED,1101,377
ED,1102,108
ED,1106,1
ED,1160,30
ED,1165,1
ED,1515,3
ED,1529,11
ED,1530,64
ED,1654,1
ED,1712,4
ED,1720,258
ED,1730,75
ED,1801,3
ED,1805,3
ED,1810,2
ED,1811,73
ED,1910,7
ED,2210,237
EE,80,5
EE,86,1
EE,101,11
EE,110,8
EE,140,1
EE,180,1
EE,201,23
EE,203,2
EE,260,23
EE,301,141
EE,303,43
EE,306,21
EE,318,35
EE,326,98
EE,340,26
EE,341,4
EE,342,3
EE,343,76
EE,344,1
EE,360,7
EE,361,4
EE,391,1
EE,392,1
EE,501,4
EE,503,1
EE,505,1
EE,510,5
EE,511,1
EE,560,7
EE,901,3
EE,905,461
EE,950,32
EE,962,28
EE,986,26
EE,1001,4
EE,1035,3
EE,1102,7
EE,1410,1
EE,1530,5
EE,1531,1
EE,1712,1
EE,1750,1
EE,1801,1
EE,1802,68
EE,1805,1
EE,1810,1
EE,1811,2
EE,1860,787
EE,2210,58
EP,18,15
EP,20,4
EP,28,1930
EP,29,12
EP,80,27
EP,89,5
EP,99,9
EP,101,19
EP,110,150
EP,132,3
EP,150,9
EP,180,4
EP,184,2
EP,190,2
EP,201,191
EP,203,5
EP,260,23
EP,299,1
EP,301,524
EP,303,79
EP,305,1
EP,306,67
EP,308,31
EP,318,122
EP,326,14
EP,335,1
EP,340,234
EP,341,52
EP,342,28
EP,343,1293
EP,344,12
EP,350,1
EP,360,3
EP,391,7
EP,399,10
EP,401,1224
EP,403,64
EP,404,7
EP,405,20
EP,408,117
EP,410,5
EP,413,7
EP,414,20
EP,415,216
EP,430,3
EP,434,3
EP,435,2
EP,437,1
EP,440,1
EP,457,1
EP,470,5
EP,471,7
EP,482,6
EP,486,5
EP,487,5
EP,499,2
EP,501,137
EP,503,6
EP,505,10
EP,510,123
EP,511,89
EP,525,4
EP,560,105
EP,561,1
EP,599,1
EP,601,126
EP,602,3
EP,610,1
EP,685,1
EP,690,21
EP,701,8
EP,801,48
EP,802,23
EP,803,2
EP,804,3
EP,808,6
EP,810,14
EP,819,1605
EP,830,76
EP,840,2
EP,850,6
EP,854,4
EP,856,1
EP,858,2
EP,881,1
EP,890,6
EP,893,98
EP,899,4
EP,901,1
EP,905,990
EP,935,3
EP,950,30
EP,963,1
EP,986,4
EP,999,1
EP,1001,22
EP,1035,190
EP,1060,2
EP,1071,5
EP,1082,10
EP,1083,1
EP,1084,5
EP,1101,36
EP,1102,244
EP,1103,1
EP,1106,2
EP,1109,116
EP,1160,37
EP,1170,1
EP,1176,8
EP,1222,1
EP,1301,2072
EP,1306,21
EP,1310,4
EP,1311,11
EP,1315,31
EP,1316,2
EP,1320,421
EP,1340,6
EP,1350,51
EP,1360,3
EP,1370,2
EP,1399,5
EP,1410,3
EP,1412,4
EP,1501,3
EP,1515,3
EP,1520,3
EP,1529,13
EP,1530,45
EP,1550,14
EP,1601,2
EP,1640,24
EP,1654,2
EP,1702,1
EP,1712,1
EP,1750,3
EP,1801,18
EP,1810,14
EP,1811,202
EP,1860,1
EP,1910,1
EP,2001,5
EP,2005,2
EP,2010,2
EP,2101,2
EP,2210,571
EP,2299,3
EP,3502,1
EP,4714,1
EP,5703,2
FC,80,5
FC,110,60
FC,119,3
FC,201,18
FC,203,1
FC,260,2
FC,301,243
FC,303,54
FC,305,1
FC,308,1
FC,326,1
FC,335,1
FC,342,3
FC,343,66
FC,344,1
FC,360,3
FC,391,8
FC,401,1
FC,501,17
FC,503,1
FC,505,1
FC,510,20
FC,511,17
FC,525,5
FC,560,5
FC,610,1
FC,855,211
FC,856,2
FC,904,2
FC,905,558
FC,935,1
FC,950,8
FC,986,2
FC,1035,6
FC,1040,1
FC,1071,3
FC,1082,3
FC,1084,1
FC,1101,36
FC,1102,10
FC,1130,5
FC,1160,1
FC,1410,1
FC,1412,1
FC,1529,1
FC,1530,1
FC,1654,1
FC,1801,1
FC,1805,1
FC,1810,1
FC,2210,52
FD,18,2
FD,80,9
FD,86,1
FD,89,2
FD,101,1
FD,110,78
FD,132,2
FD,170,1
FD,180,1
FD,199,12
FD,201,145
FD,203,8
FD,260,10
FD,301,606
FD,303,168
FD,305,5
FD,306,8
FD,308,2
FD,318,95
FD,341,2
FD,342,18
FD,343,76
FD,344,1
FD,361,1
FD,399,44
FD,501,173
FD,510,58
FD,511,33
FD,570,2781
FD,599,14
FD,904,1
FD,905,329
FD,935,2
FD,950,33
FD,986,19
FD,999,5
FD,1035,5
FD,1040,1
FD,1082,3
FD,1083,4
FD,1084,7
FD,1101,295
FD,1102,31
FD,1160,309
FD,1170,1
FD,1199,3
FD,1410,8
FD,1411,3
FD,1530,1
FD,1603,4
FD,1640,9
FD,1654,2
FD,1701,9
FD,1702,6
FD,1712,4
FD,1750,17
FD,1801,2
FD,1811,53
FD,2030,1
FD,2101,1
FD,2210,372
FD,2299,9
FD,4402,3
FD,4749,1
FQ,80,7
FQ,101,634
FQ,102,64
FQ,180,3
FQ,185,1
FQ,186,16
FQ,187,4
FQ,201,32
FQ,203,5
FQ,260,4
FQ,301,61
FQ,303,85
FQ,306,2
FQ,308,3
FQ,318,10
FQ,340,3
FQ,341,1
FQ,342,3
FQ,343,30
FQ,399,1
FQ,404,1
FQ,415,11
FQ,501,13
FQ,505,2
FQ,510,5
FQ,560,5
FQ,905,9
FQ,950,1
FQ,1035,2
FQ,1101,7
FQ,1102,7
FQ,1105,1
FQ,1320,4
FQ,1530,5
FQ,1601,3
FQ,1640,2
FQ,1701,7
FQ,1702,1
FQ,1715,6
FQ,1801,1
FQ,1810,1
FQ,2001,1
FQ,2010,2
FQ,2210,66
FR,80,7
FR,110,39
FR,180,3
FR,201,34
FR,260,1
FR,301,310
FR,303,34
FR,306,9
FR,308,3
FR,340,1
FR,341,14
FR,343,54
FR,501,44
FR,505,2
FR,511,2
FR,560,1
FR,570,400
FR,905,288
FR,935,1
FR,950,23
FR,986,2
FR,1001,6
FR,1035,7
FR,1084,1
FR,1101,47
FR,1102,14
FR,1160,13
FR,1170,1
FR,1410,1
FR,1529,1
FR,1530,1
FR,1640,2
FR,1701,3
FR,1712,4
FR,1750,1
FR,1801,8
FR,2210,119
FT,18,2
FT,80,8
FT,101,11
FT,110,84
FT,201,20
FT,203,3
FT,260,2
FT,301,108
FT,303,9
FT,306,3
FT,308,1
FT,318,1
FT,340,3
FT,341,13
FT,343,14
FT,399,4
FT,501,1
FT,505,2
FT,510,13
FT,511,2
FT,560,4
FT,904,4
FT,905,625
FT,935,1
FT,950,55
FT,986,6
FT,1001,6
FT,1035,6
FT,1082,1
FT,1084,4
FT,1101,1
FT,1102,4
FT,1410,3
FT,1550,1
FT,1640,2
FT,1801,40
FT,1802,1
FT,2003,1
FT,2010,1
FT,2210,41
GS,18,18
GS,20,7
GS,28,11
GS,80,47
GS,89,45
GS,132,2
GS,180,1
GS,201,165
GS,203,9
GS,260,20
GS,301,1078
GS,303,75
GS,305,1
GS,306,8
GS,308,4
GS,318,3
GS,326,1
GS,335,1
GS,340,120
GS,341,26
GS,342,1
GS,343,1111
GS,344,8
GS,346,2
GS,360,1
GS,391,73
GS,399,14
GS,414,1
GS,437,4
GS,501,229
GS,503,4
GS,505,1
GS,510,39
GS,511,116
GS,525,2
GS,544,7
GS,560,249
GS,690,11
GS,801,142
GS,802,126
GS,804,34
GS,807,1
GS,808,167
GS,809,145
GS,810,52
GS,819,5
GS,828,9
GS,830,57
GS,850,35
GS,855,1
GS,856,24
GS,896,1
GS,899,6
GS,904,4
GS,905,156
GS,950,15
GS,986,1
GS,1001,75
GS,1008,38
GS,1035,11
GS,1071,1
GS,1082,6
GS,1083,1
GS,1084,4
GS,1101,1494
GS,1102,1703
GS,1104,119
GS,1105,24
GS,1106,28
GS,1107,5
GS,1130,17
GS,1160,2
GS,1170,567
GS,1171,27
GS,1176,905
GS,1199,5
GS,1301,1
GS,1411,1
GS,1515,21
GS,1530,1
GS,1550,1
GS,1601,33
GS,1640,6
GS,1670,84
GS,1701,2
GS,1801,8
GS,1805,2
GS,1811,68
GS,2001,47
GS,2003,70
GS,2005,4
GS,2101,26
GS,2102,3
GS,2130,11
GS,2150,383
GS,2210,668
GS,2299,5
GS,2604,5
GS,2805,14
GS,3502,1
GS,3566,15
GS,3603,5
GS,3610,1
GS,4102,5
GS,4204,8
GS,4206,1
GS,4605,4
GS,4742,11
GS,4749,11
GS,4804,1
GS,5003,1
GS,5306,4
GS,5313,5
GS,6907,6
HE,18,107
HE,19,4
HE,28,18
HE,50,210
HE,60,36
HE,72,19
HE,80,323
HE,81,27
HE,83,77
HE,85,264
HE,86,10
HE,89,222
HE,101,1571
HE,102,37
HE,105,2
HE,107,2751
HE,110,180
HE,131,6
HE,132,41
HE,142,2
HE,150,6
HE,160,19
HE,170,7
HE,180,266
HE,181,2
HE,184,13
HE,185,126
HE,186,69
HE,187,10
HE,188,16
HE,190,55
HE,199,14
HE,201,1015
HE,203,122
HE,260,111
HE,299,1
HE,301,5670
HE,302,2
HE,303,1519
HE,304,13
HE,305,55
HE,306,168
HE,308,22
HE,318,478
HE,326,149
HE,332,4
HE,335,12
HE,340,280
HE,341,1225
HE,342,23
HE,343,4200
HE,344,37
HE,346,65
HE,356,1
HE,360,57
HE,382,62
HE,391,212
HE,399,300
HE,401,3720
HE,403,1448
HE,404,144
HE,405,701
HE,408,1
HE,410,2
HE,413,40
HE,414,36
HE,415,199
HE,434,2
HE,440,66
HE,487,23
HE,499,9
HE,501,542
HE,503,146
HE,505,27
HE,510,536
HE,511,716
HE,525,142
HE,530,5
HE,540,55
HE,544,10
HE,545,6
HE,560,668
HE,561,28
HE,599,20
HE,601,7193
HE,602,5541
HE,603,226
HE,610,4490
HE,620,212
HE,621,448
HE,622,65
HE,630,90
HE,631,13
HE,633,47
HE,635,1
HE,636,25
HE,638,13
HE,640,1823
HE,642,16
HE,644,496
HE,645,167
HE,646,17
HE,647,292
HE,649,45
HE,651,156
HE,660,873
HE,661,378
HE,662,67
HE,665,34
HE,668,31
HE,669,84
HE,670,96
HE,671,218
HE,673,5
HE,675,689
HE,679,1092
HE,680,356
HE,681,466
HE,682,44
HE,685,3482
HE,688,22
HE,690,56
HE,696,2984
HE,698,8
HE,699,23
HE,701,327
HE,704,61
HE,801,260
HE,802,181
HE,803,17
HE,804,5
HE,806,17
HE,807,1
HE,808,65
HE,809,36
HE,810,6
HE,819,94
HE,830,140
HE,840,3
HE,850,56
HE,854,24
HE,855,43
HE,856,50
HE,858,391
HE,880,38
HE,890,3
HE,893,42
HE,896,7
HE,899,25
HE,901,17
HE,904,1
HE,905,917
HE,930,6
HE,935,107
HE,950,96
HE,962,243
HE,963,17
HE,967,3
HE,986,181
HE,998,5
HE,999,1
HE,1001,685
HE,1008,8
HE,1010,3
HE,1015,5
HE,1035,293
HE,1040,12
HE,1046,2
HE,1060,17
HE,1071,53
HE,1082,134
HE,1083,129
HE,1084,109
HE,1087,5
HE,1099,2
HE,1101,158
HE,1102,1052
HE,1103,6
HE,1104,5
HE,1105,175
HE,1106,11
HE,1109,750
HE,1152,2
HE,1170,30
HE,1173,8
HE,1176,20
HE,1199,3
HE,1221,2
HE,1301,84
HE,1306,50
HE,1310,133
HE,1311,32
HE,1320,2086
HE,1350,2
HE,1371,1
HE,1382,15
HE,1399,1
HE,1410,133
HE,1411,46
HE,1412,209
HE,1420,2
HE,1501,2
HE,1510,59
HE,1515,124
HE,1520,28
HE,1529,596
HE,1530,390
HE,1531,9
HE,1550,270
HE,1599,3
HE,1601,50
HE,1603,2
HE,1640,79
HE,1654,13
HE,1667,1
HE,1670,18
HE,1701,98
HE,1702,21
HE,1710,4
HE,1712,178
HE,1715,1
HE,1720,28
HE,1725,41
HE,1740,1
HE,1750,23
HE,1801,40
HE,1802,12
HE,1805,48
HE,1810,19
HE,1811,696
HE,1862,21
HE,1899,8
HE,1910,84
HE,2001,60
HE,2003,229
HE,2005,145
HE,2010,94
HE,2030,3
HE,2101,2
HE,2102,16
HE,2130,26
HE,2150,3
HE,2151,4
HE,2210,3249
HE,2299,8
HE,2604,1
HE,2606,14
HE,2805,22
HE,2810,13
HE,3105,6
HE,3314,1
HE,3414,1
HE,3501,1
HE,3502,44
HE,3511,9
HE,3566,534
HE,3806,3
HE,3901,1
HE,4204,3
HE,4206,2
HE,4604,1
HE,4605,4
HE,4607,12
HE,4701,1
HE,4714,1
HE,4742,68
HE,4749,556
HE,4804,1
HE,4805,3
HE,5048,3
HE,5201,2
HE,5301,9
HE,5306,8
HE,5309,1
HE,5313,3
HE,5401,3
HE,5402,23
HE,5406,8
HE,5408,1
HE,5703,121
HE,5705,5
HE,5716,3
HE,5803,1
HE,6901,3
HE,6907,56
HE,7304,2
HE,7404,136
HE,7408,73
